modzcta,modzcta_name,label,lat,lon,percentpositivity_7day,people_tested,people_positive,median_daily_test_rate,adequately_tested,daterange
10001,Chelsea/NoMad/West Chelsea,"10001, 10118",40.750693,-73.997137,2.01,1489,30,811.2,Yes,September 2-September 8
10002,Chinatown/Lower East Side,10002,40.715781,-73.986176,2.92,2193,64,492.5,Yes,September 2-September 8
10003,East Village/Gramercy/Greenwich Village,10003,40.731825,-73.989164,2.15,2933,63,1074.5,Yes,September 2-September 8
10004,Financial District,10004,40.703675,-74.013106,2.4,250,6,1144,Yes,September 2-September 8
10005,Financial District,10005,40.706092,-74.008861,2.6,385,10,605.2,Yes,September 2-September 8
10006,Financial District,10006,40.709651,-74.013044,1.6,188,3,680.1,Yes,September 2-September 8
10007,TriBeCa,10007,40.713923,-74.007546,1.51,398,6,886.8,Yes,September 2-September 8
10009,Alphabet City/East Village/Stuyvesant Town-Cooper Village,10009,40.72638,-73.978704,2.4,2038,49,722.6,Yes,September 2-September 8
10010,Flatiron/Gramercy/Kips Bay,10010,40.739119,-73.982544,1.77,1523,27,812.5,Yes,September 2-September 8
10011,Chelsea,10011,40.741707,-74.000062,2.46,2031,50,733.7,Yes,September 2-September 8
10012,Greenwich Village/SoHo,10012,40.725576,-73.998078,2.36,1144,27,842.3,Yes,September 2-September 8
10013,Hudson Square/Little Italy/SoHo/TriBeCa,10013,40.720096,-74.004763,2.16,1434,31,812,Yes,September 2-September 8
10014,Hudson Square/Meatpacking District/West Village,10014,40.73402,-74.006314,3.03,1254,38,745,Yes,September 2-September 8
10016,Kips Bay/Murray Hill/NoMad,10016,40.745174,-73.978319,2.37,2490,59,868.2,Yes,September 2-September 8
10017,East Midtown/Murray Hill,10017,40.752543,-73.973037,1.22,905,11,967.1,Yes,September 2-September 8
10018,Hell's Kitchen/Midtown Manhattan,10018,40.755191,-73.992667,1.78,1125,20,1467.3,Yes,September 2-September 8
10019,Hell's Kitchen/Midtown Manhattan,"10019, 10020",40.76528,-73.985974,1.58,2793,44,1022.5,Yes,September 2-September 8
10021,Lenox Hill/Upper East Side,10021,40.769474,-73.958771,1.55,1937,30,728.1,Yes,September 2-September 8
10022,East Midtown,10022,40.758676,-73.968098,1.55,1547,24,799.5,Yes,September 2-September 8
10023,Lincoln Square,10023,40.775901,-73.982658,1.19,3277,39,801.2,Yes,September 2-September 8
10024,Upper West Side,10024,40.792085,-73.974871,1.13,3448,39,850.9,Yes,September 2-September 8
10025,Manhattan Valley/Morningside Heights/Upper West Side,10025,40.798651,-73.966585,0.88,6136,54,766.2,Yes,September 2-September 8
10026,Central Harlem (South),10026,40.802341,-73.952521,1.69,1653,28,636.2,Yes,September 2-September 8
10027,Central Harlem (South)/Morningside Heights/West Harlem,10027,40.8118,-73.953204,1.96,3117,61,517.4,Yes,September 2-September 8
10028,Upper East Side/Yorkville,10028,40.776432,-73.953509,1.36,2213,30,783.2,Yes,September 2-September 8
10029,East Harlem,10029,40.791777,-73.943969,3.33,2191,73,446.1,Yes,September 2-September 8
10030,Central Harlem (North),10030,40.818326,-73.942842,3.01,863,26,471.5,Yes,September 2-September 8
10031,Hamilton Heights/West Harlem,10031,40.825278,-73.950037,2.69,1635,44,403.2,Yes,September 2-September 8
10032,Washington Heights (South),10032,40.838768,-73.942824,2.09,1486,31,390.2,Yes,September 2-September 8
10033,Washington Heights (North)/Washington Heights (South),10033,40.850497,-73.934007,1.79,1340,24,358.9,Yes,September 2-September 8
10034,Inwood/Washington Heights (North),10034,40.867168,-73.924048,3.76,878,33,329.1,Yes,September 2-September 8
10035,East Harlem,10035,40.791,-73.924596,2.83,1024,29,510.8,Yes,September 2-September 8
10036,Hell's Kitchen/Midtown Manhattan,10036,40.75916,-73.989705,1.6,2501,40,1475.7,Yes,September 2-September 8
10037,Central Harlem (North)/East Harlem,10037,40.812957,-73.937419,3.38,651,22,514.6,Yes,September 2-September 8
10038,Chinatown/Financial District,10038,40.709696,-74.002391,3.38,829,28,498.6,Yes,September 2-September 8
10039,Central Harlem (North)/Washington Heights (South),10039,40.830807,-73.936247,2.2,726,16,393.7,Yes,September 2-September 8
10040,Washington Heights (North),10040,40.85831,-73.93049,3.16,1013,32,373,Yes,September 2-September 8
10044,Roosevelt Island,10044,40.761931,-73.949924,1.67,480,8,574,Yes,September 2-September 8
10065,Lenox Hill/Upper East Side,10065,40.764616,-73.963135,1.51,1718,26,885.3,Yes,September 2-September 8
10069,Lincoln Square,10069,40.775924,-73.990256,0.73,548,4,1320.7,Yes,September 2-September 8
10075,Lenox Hill/Upper East Side,"10075, 10162",40.773132,-73.955884,0.66,1211,8,941.7,Yes,September 2-September 8
10128,Upper East Side/Yorkville,10128,40.781466,-73.950226,1.23,2769,34,806,Yes,September 2-September 8
10280,Battery Park City,10280,40.709318,-74.016654,1.85,324,6,513.6,Yes,September 2-September 8
10282,Battery Park City,10282,40.716409,-74.015077,0.83,242,2,610.2,Yes,September 2-September 8
10301,Silver Lake/St. George,10301,40.628224,-74.096232,4.62,1211,56,472.9,Yes,September 2-September 8
10302,Elm Park,10302,40.630598,-74.137891,5.75,487,28,373.3,Yes,September 2-September 8
10303,Graniteville/Mariner's Harbor/Port Ivory,10303,40.632135,-74.169166,5.45,679,37,407.4,Yes,September 2-September 8
10304,New Dorp/Todt Hill,10304,40.605985,-74.0943,6.26,1358,85,527.6,Yes,September 2-September 8
10305,Arrochar/Midland Beach/Shore Acres/South Beach Ocean Breeze,10305,40.595474,-74.075437,5.18,1254,65,429.3,Yes,September 2-September 8
10306,Lighthouse Hill/Midland Beach/New Dorp/Oakwood,10306,40.571571,-74.125541,6.08,1578,96,462.1,Yes,September 2-September 8
10307,Tottenville,10307,40.507771,-74.24227,9.09,374,34,388.9,Yes,September 2-September 8
10308,Great Kills,10308,40.551574,-74.150454,8.23,875,72,446,Yes,September 2-September 8
10309,Charleston/Prince's Bay/Woodrow,10309,40.531355,-74.220574,10.22,1018,104,488.8,Yes,September 2-September 8
10310,Port Richmond/Randall Manor/West Brighton,10310,40.632398,-74.11618,4.19,692,29,511.9,Yes,September 2-September 8
10312,Annadale/Rossville,10312,40.545128,-74.18169,7.22,1745,126,437.3,Yes,September 2-September 8
10314,Bloomfield/Freshkills Park,10314,40.599333,-74.166462,5.62,2543,143,401,Yes,September 2-September 8
10451,Concourse/Melrose,10451,40.820705,-73.923865,4.42,1222,54,396.9,Yes,September 2-September 8
10452,Concourse/Highbridge,10452,40.837364,-73.923461,3.88,1495,58,324.4,Yes,September 2-September 8
10453,Morris Heights/Mount Hope/University Heights,10453,40.852304,-73.913578,4.98,1486,74,333,Yes,September 2-September 8
10454,Mott Haven/Port Morris,10454,40.805487,-73.916605,5.23,803,42,354.2,Yes,September 2-September 8
10455,Mott Haven,10455,40.8147,-73.908583,3.7,945,35,365.2,Yes,September 2-September 8
10456,Claremont/Morrisania,10456,40.829884,-73.908121,3.57,1879,67,283.3,Yes,September 2-September 8
10457,Belmont/Claremont/Mount Hope/Tremont,10457,40.847151,-73.898676,4.09,1419,58,333.7,Yes,September 2-September 8
10458,Belmont/Fordham University/Kingsbridge,10458,40.862531,-73.88817,4.05,1457,59,307,Yes,September 2-September 8
10459,Charlotte Gardens/Hunts Point,10459,40.82584,-73.892976,3.57,1007,36,323.8,Yes,September 2-September 8
10460,Charlotte Gardens/Tremont/Van Nest/West Farms,10460,40.841753,-73.879584,4.04,1139,46,287.1,Yes,September 2-September 8
10461,Morris Park/Pelham Bay/Westchester Square,10461,40.847415,-73.840601,6.64,1130,75,344.2,Yes,September 2-September 8
10462,Parkchester/Pelham Parkway/Van Nest/Westchester Square,10462,40.842874,-73.858772,2.88,1631,47,335.9,Yes,September 2-September 8
10463,Kingsbridge/Marble Hill/Riverdale/Spuyten Duyvil,10463,40.880824,-73.906514,3.04,1712,52,380.1,Yes,September 2-September 8
10464,City Island,10464,40.872311,-73.804653,4.71,85,4,280,Yes,September 2-September 8
10465,Country Club/Throgs Neck,10465,40.823931,-73.822886,4.69,768,36,259.7,No,September 2-September 8
10466,Edenwald/Wakefield,10466,40.890965,-73.845912,5.08,1771,90,402.5,Yes,September 2-September 8
10467,Allerton/Norwood/Pelham Parkway/Williamsbridge,10467,40.880939,-73.873956,3.45,2350,81,342.9,Yes,September 2-September 8
10468,Fordham/Kingsbridge/University Heights,10468,40.868161,-73.899844,3.21,1462,47,281.4,Yes,September 2-September 8
10469,Allerton/Baychester/Pelham Gardens/Williamsbridge,10469,40.86876,-73.846984,3.41,1585,54,334.6,Yes,September 2-September 8
10470,Wakefield/Woodlawn,10470,40.895986,-73.86802,3.83,339,13,306.8,Yes,September 2-September 8
10471,Fieldston/North Riverdale/Riverdale,10471,40.899509,-73.901518,2.41,705,17,503.7,Yes,September 2-September 8
10472,Soundview,10472,40.829561,-73.869393,2.52,1192,30,264.8,Yes,September 2-September 8
10473,Castle Hill/Clason Point/Soundview,10473,40.818135,-73.858718,5.61,1533,86,422.9,Yes,September 2-September 8
10474,Hunts Point,10474,40.810595,-73.884618,2.58,271,7,292.3,Yes,September 2-September 8
10475,Co-op City/Edenwald,10475,40.868941,-73.824854,1.97,1169,23,381.4,Yes,September 2-September 8
11004,Bellerose/Douglaston-Little Neck,"11004, 11005",40.748068,-73.710907,4.05,444,18,385.2,Yes,September 2-September 8
11101,Astoria (South)/Long Island City/Sunnyside,11101,40.747077,-73.938586,2.44,1720,42,765.6,Yes,September 2-September 8
11102,Astoria (North),11102,40.772498,-73.925912,2.98,1008,30,512.6,Yes,September 2-September 8
11103,Astoria (North)/Astoria (South),11103,40.762536,-73.913541,2.24,1114,25,466.5,Yes,September 2-September 8
11104,Sunnyside,11104,40.744658,-73.920205,2.41,789,19,542.5,Yes,September 2-September 8
11105,Ditmars Steinway,11105,40.778969,-73.906286,2.88,799,23,367.5,Yes,September 2-September 8
11106,Astoria (South),11106,40.761792,-73.931771,3.08,1203,37,526.3,Yes,September 2-September 8
11109,Long Island City,11109,40.746211,-73.956999,0.98,305,3,780.9,Yes,September 2-September 8
11201,Brooklyn Heights/DUMBO/Downtown Brooklyn,11201,40.694609,-73.989581,1.46,3357,49,841.2,Yes,September 2-September 8
11203,East Flatbush (North)/East Flatbush (South),11203,40.649576,-73.934363,2.82,2235,63,534.7,Yes,September 2-September 8
11204,Bensonhurst/Mapleton,11204,40.618774,-73.984824,6.2,1355,84,273.7,Yes,September 2-September 8
11205,Bedford-Stuyvesant (West)/Clinton Hill/Fort Greene,11205,40.694625,-73.966212,2.68,1719,46,564.7,Yes,September 2-September 8
11206,Williamsburg (South),11206,40.701957,-73.942361,3.04,2497,76,425.6,Yes,September 2-September 8
11207,Cypress Hills/East New York,11207,40.670819,-73.894255,3.91,2657,104,465,Yes,September 2-September 8
11208,Cypress Hills/East New York,11208,40.668385,-73.871084,3.66,2074,76,402.9,Yes,September 2-September 8
11209,Bay Ridge/Fort Hamilton,11209,40.621811,-74.030011,3.48,2153,75,543.6,Yes,September 2-September 8
11210,Flatlands/Midwood,11210,40.628165,-73.946316,3.5,1485,52,345.6,Yes,September 2-September 8
11211,East Williamsburg/Williamsburg (North)/Williamsburg (South),"11211, 11249",40.712334,-73.953851,2.95,3995,118,650.2,Yes,September 2-September 8
11212,Ocean Hill-Brownsville,11212,40.662935,-73.913011,3.65,2220,81,505.6,Yes,September 2-September 8
11213,Crown Heights (East),11213,40.671074,-73.93633,2.87,2056,59,548,Yes,September 2-September 8
11214,Bath Beach/Bensonhurst/Gravesend,11214,40.598729,-73.99621,3.69,1624,60,275.8,Yes,September 2-September 8
11215,Gowanus/Park Slope/Windsor Terrace,11215,40.66252,-73.986872,2,3156,63,742.6,Yes,September 2-September 8
11216,Bedford-Stuyvesant (West)/Crown Heights (West),11216,40.680785,-73.94931,2.36,2207,52,694.9,Yes,September 2-September 8
11217,Boerum Hill/Park Slope,"11217, 11243",40.682417,-73.97938,2.04,2008,41,778.1,Yes,September 2-September 8
11218,Kensington/Windsor Terrace,11218,40.64348,-73.976044,2.54,2359,60,508.1,Yes,September 2-September 8
11219,Borough Park,11219,40.632662,-73.996666,5.34,1310,70,197.6,No,September 2-September 8
11220,Sunset Park,11220,40.641081,-74.016495,2.07,1735,36,264.3,Yes,September 2-September 8
11221,Bedford-Stuyvesant (East)/Bushwick,11221,40.691339,-73.927885,3.51,2676,94,595.5,Yes,September 2-September 8
11222,Greenpoint,11222,40.728292,-73.947562,2.37,1938,46,910.8,Yes,September 2-September 8
11223,Gravesend/Homecrest,11223,40.597169,-73.973422,6.25,1424,89,261.4,Yes,September 2-September 8
11224,Brighton Beach/Coney Island/Seagate,11224,40.57666,-73.988581,3.24,956,31,348,Yes,September 2-September 8
11225,Crown Heights (West)/Prospect Lefferts Gardens,11225,40.663056,-73.954226,1.75,1947,34,580.7,Yes,September 2-September 8
11226,Flatbush/Prospect Lefferts Gardens,11226,40.646456,-73.956654,1.74,3099,54,531,Yes,September 2-September 8
11228,Bath Beach/Dyker Heights,11228,40.616715,-74.013054,2.63,988,26,329,Yes,September 2-September 8
11229,Gerritsen Beach/Homecrest/Sheepshead Bay,11229,40.601175,-73.944465,4.71,1614,76,273,Yes,September 2-September 8
11230,Midwood,11230,40.622164,-73.965096,4.54,1938,88,339.7,Yes,September 2-September 8
11231,Carroll Gardens/Cobble Hill/Red Hook,11231,40.677562,-74.004445,2.25,1645,37,695.6,Yes,September 2-September 8
11232,Sunset Park,11232,40.655984,-74.005304,4.23,686,29,420.9,Yes,September 2-September 8
11233,Bedford-Stuyvesant (East)/Ocean Hill-Brownsville,11233,40.678302,-73.919931,3.37,2255,76,536.8,Yes,September 2-September 8
11234,Bergen Beach/Flatlands/Marine Park/Mill Basin,11234,40.60758,-73.910513,4.5,2021,91,346.6,Yes,September 2-September 8
11235,Brighton Beach/Manhattan Beach/Sheepshead Bay,11235,40.583915,-73.949669,3.1,1805,56,373.4,Yes,September 2-September 8
11236,Canarsie,11236,40.640004,-73.901459,3.32,2773,92,510.7,Yes,September 2-September 8
11237,Bushwick/East Williamsburg,11237,40.704153,-73.920883,3.01,1361,41,464.6,Yes,September 2-September 8
11238,Clinton Hill/Prospect Heights,11238,40.679179,-73.963804,1.98,2628,52,821.7,Yes,September 2-September 8
11239,East New York,11239,40.64753,-73.882398,2.07,484,10,591.3,Yes,September 2-September 8
11354,Flushing/Murray Hill,11354,40.76863,-73.827229,3.31,845,28,265.2,Yes,September 2-September 8
11355,Flushing/Murray Hill/Queensboro Hill,11355,40.751459,-73.821014,3.45,1130,39,227,No,September 2-September 8
11356,College Point,11356,40.784867,-73.841495,4.77,419,20,241.1,No,September 2-September 8
11357,Whitestone,11357,40.78639,-73.810964,2.54,710,18,242.8,No,September 2-September 8
11358,Auburndale/Murray Hill,11358,40.760475,-73.79637,3.05,689,21,322,Yes,September 2-September 8
11360,Bayside (North),11360,40.78205,-73.7808,3.13,447,14,362.3,Yes,September 2-September 8
11361,Bayside (North)/Bayside (South),11361,40.763748,-73.772419,4.31,487,21,303.4,Yes,September 2-September 8
11362,Douglaston-Little Neck,11362,40.756533,-73.736995,1.79,335,6,287.3,Yes,September 2-September 8
11363,Douglaston-Little Neck,11363,40.772803,-73.746444,1.68,119,2,296.9,Yes,September 2-September 8
11364,Bayside (South)/Oakland Gardens,11364,40.745279,-73.760578,4.52,708,32,339,Yes,September 2-September 8
11365,Auburndale/Fresh Meadows/Pomonok/Utopia,11365,40.739775,-73.794806,3.99,776,31,283,Yes,September 2-September 8
11366,Fresh Meadows/Hillcrest,11366,40.728136,-73.784981,4.8,271,13,295.6,Yes,September 2-September 8
11367,Kew Gardens Hills/Pomonok,11367,40.730383,-73.826297,3.15,731,23,260.6,Yes,September 2-September 8
11368,Corona/North Corona,11368,40.749594,-73.852604,4.11,1948,80,301.7,Yes,September 2-September 8
11369,Airport/East Elmhurst,11369,40.768944,-73.872812,4.82,789,38,345,Yes,September 2-September 8
11370,Jackson Heights/Rikers Island,11370,40.763466,-73.891021,2.38,629,15,305.2,Yes,September 2-September 8
11372,Jackson Heights,11372,40.75169,-73.883634,2.41,1615,39,408.7,Yes,September 2-September 8
11373,Elmhurst,11373,40.738823,-73.8785,3.49,1889,66,348,Yes,September 2-September 8
11374,Rego Park,11374,40.726441,-73.861497,4.06,1010,41,360,Yes,September 2-September 8
11375,Forest Hills,11375,40.720931,-73.846184,4.39,1753,77,409.7,Yes,September 2-September 8
11377,Woodside,11377,40.744823,-73.90516,3.36,2234,75,412.9,Yes,September 2-September 8
11378,Maspeth,11378,40.724768,-73.909399,4.82,788,38,307.1,Yes,September 2-September 8
11379,Middle Village,11379,40.716758,-73.879597,5.7,790,45,354.8,Yes,September 2-September 8
11385,Glendale/Ridgewood,11385,40.701058,-73.890159,5.24,2309,121,345.5,Yes,September 2-September 8
11411,Cambria Heights,11411,40.694202,-73.735998,2.79,502,14,318.1,Yes,September 2-September 8
11412,St. Albans,11412,40.698095,-73.758984,3.23,1054,34,401.6,Yes,September 2-September 8
11413,Laurelton/Rosedale,11413,40.669738,-73.750842,3.18,1102,35,421.2,Yes,September 2-September 8
11414,Hamilton Beach/Howard Beach/Lindenwood,11414,40.658266,-73.844905,4.33,554,24,292.7,Yes,September 2-September 8
11415,Kew Gardens,11415,40.708323,-73.828212,2.7,444,12,370.9,Yes,September 2-September 8
11416,Ozone Park,11416,40.684652,-73.849549,4.03,472,19,231.2,No,September 2-September 8
11417,Ozone Park,11417,40.676457,-73.844522,4.22,569,24,264.2,Yes,September 2-September 8
11418,Richmond Hill,11418,40.700236,-73.836062,3.15,698,22,300.6,Yes,September 2-September 8
11419,Richmond Hill/South Ozone Park,11419,40.688676,-73.822901,3.47,864,30,301,Yes,September 2-September 8
11420,South Ozone Park,11420,40.673518,-73.817812,2.27,924,21,326.1,Yes,September 2-September 8
11421,Woodhaven,11421,40.69405,-73.85867,2.19,729,16,264.7,Yes,September 2-September 8
11422,Rosedale,11422,40.660819,-73.73608,2.46,854,21,364.3,Yes,September 2-September 8
11423,Hollis/Holliswood,11423,40.71491,-73.767865,2.34,685,16,340.4,Yes,September 2-September 8
11426,Bellerose,11426,40.736521,-73.722384,4.12,413,17,322.4,Yes,September 2-September 8
11427,Bellerose/Hollis Hills/Holliswood,11427,40.730915,-73.745611,2.29,480,11,330.9,Yes,September 2-September 8
11428,Queens Village,11428,40.721015,-73.742206,2.4,499,12,435.9,Yes,September 2-September 8
11429,Queens Village,11429,40.709772,-73.738731,3.42,730,25,420.7,Yes,September 2-September 8
11432,Hillcrest/Jamaica Estates/Jamaica Hills,11432,40.715359,-73.793064,2.6,1233,32,329.2,Yes,September 2-September 8
11433,Jamaica,11433,40.69823,-73.787095,3.89,848,33,364.2,Yes,September 2-September 8
11434,Airport/South Jamaica/Springfield Gardens/St. Albans,11434,40.656866,-73.783386,3.49,1748,61,450.8,Yes,September 2-September 8
11435,Briarwood/Jamaica,11435,40.701291,-73.809618,4.11,1070,44,280.7,Yes,September 2-September 8
11436,South Jamaica/South Ozone Park,11436,40.675819,-73.796618,4.23,497,21,409.1,Yes,September 2-September 8
11691,Edgemere/Far Rockaway,11691,40.60133,-73.761357,4.12,1312,54,290.2,Yes,September 2-September 8
11692,Arverne/Edgemere,11692,40.592794,-73.792203,2.94,476,14,356.6,Yes,September 2-September 8
11693,Arverne/Broad Channel,11693,40.603699,-73.821926,4.88,205,10,213.1,No,September 2-September 8
11694,Belle Harbor-Neponsit/Rockaway Park,11694,40.577599,-73.844553,2.89,380,11,269.5,Yes,September 2-September 8
11697,Breezy Point,11697,40.55907,-73.907199,2.73,110,3,530.6,Yes,September 2-September 8
